{"priors": [0.09083381634511882, 0.09091661836548812, 0.09091661836548812, 0.09091661836548812, 0.09091661836548812, 0.09091661836548812, 0.09091661836548812, 0.09091661836548812, 0.09091661836548812, 0.09091661836548812, 0.09091661836548812], "sigmas": [[4.521554572695556, 7.133676901346913], [41.49645344994194, 11.399586314132815], [15.254091627403147, 12.373463472801822], [48.805884813225376, 24.80934181403162], [8.179860332467175, 6.9368700470998546], [38.16697077204768, 14.612900300566153], [94.75296430491599, 6.553376009588375], [13.099644346206366, 1.4081306580467334], [15.8928136604256, 10.75049036322356], [29.316280399835872, 11.113455749867901], [9.077174827525274, 2.8971019023358964]], "thetas": [[27.448878760255237, 80.0495897903373], [23.338251366120232, 80.77673952641173], [23.97631147540984, 84.11504553734068], [27.253469945355214, 94.41937158469939], [18.730018214936234, 93.94335154826965], [23.080819672131124, 84.87765938069215], [19.287468123861558, 87.45453551912577], [30.165054644808706, 91.85482695810565], [21.039362477231354, 81.00362477231336], [28.046912568306, 79.3615482695811], [24.439408014571946, 82.22318761384335]]}